text_id,file_path,paper_title,paper_discipline,student_level,discipline_cat,level_cat,student_gender,speaker_status,paper_type,paper_features
BIO.G0.02.1,/data/academic/BIO.G0.02.1.txt,Host-Parasite Interactions: On the Presumed Sympatric Speciation of Vidua,Biology,Final Year Undergraduate,BIO,G0,M,NS,Report,"Tables, graphs or figures, Reference to sources"
BIO.G0.03.1,/data/academic/BIO.G0.03.1.txt,Lab 3: Plant Competition,Biology,Final Year Undergraduate,BIO,G0,F,NS,ResearchPaper,"Discussion of results section, Tables, graphs or figures, Reference to sources"
BIO.G0.06.1,/data/academic/BIO.G0.06.1.txt,Global Reproductive Strategies of Tursiops and Stenella (Family Delphinidae),Biology,Final Year Undergraduate,BIO,G0,F,NS,Report,"Tables, graphs or figures, Literature review section, Reference to sources"
BIO.G0.12.1,/data/academic/BIO.G0.12.1.txt,The Effect of Initial Carbon Dioxide Concentration on the Rate of Photosynthesis in the Aquatic Plant Elodea,Biology,Final Year Undergraduate,BIO,G0,F,NS,ResearchPaper,"Problem-solution pattern, Methodology section, Discussion of results section, Tables, graphs or figures, Reference to sources"
BIO.G0.21.1,/data/academic/BIO.G0.21.1.txt,Prevalence of Haemosporidians in Birds of Northern Michigan,Biology,Final Year Undergraduate,BIO,G0,F,NS,ResearchPaper,"Abstract, Tables, graphs or figures, Methodology section, Discussion of results section, Literature review section, Reference to sources"
BIO.G0.25.1,/data/academic/BIO.G0.25.1.txt,Malaria in the Twenty-first Century,Biology,Final Year Undergraduate,BIO,G0,F,NS,Report,"Definitions, Reference to sources"
BIO.G0.29.1,/data/academic/BIO.G0.29.1.txt,Sexual Selection and Male Sacrifice:  From Darwin until Now,Biology,Final Year Undergraduate,BIO,G0,F,NS,Report,Reference to sources
BIO.G2.02.1,/data/academic/BIO.G2.02.1.txt,Modularity and the Evolution of Complex Systems,Biology,Second Year Graduate,BIO,G2,F,NS,Report,Reference to sources
BIO.G2.03.1,/data/academic/BIO.G2.03.1.txt,"Cholera Seasonality, Rainfall, and Fadeouts: a Geostatistical Approach",Biology,Second Year Graduate,BIO,G2,M,NNS,ResearchPaper,"Methodology section, Discussion of results section, Tables, graphs or figures, Reference to sources"
BIO.G3.02.1,/data/academic/BIO.G3.02.1.txt,Linking scales to understand diversity,Biology,Third Year Graduate,BIO,G3,F,NS,Proposal,"Definitions, Literature review section, Reference to sources"
CEE.G0.03.1,/data/academic/CEE.G0.03.1.txt,Glacier Way Dam Site Soils Evaluation,Civil and Environmental Engineering,Final Year Undergraduate,CEE,G0,M,NS,ResearchPaper,"Discussion of results section, Methodology section, Problem-solution pattern"
CEE.G0.04.1,/data/academic/CEE.G0.04.1.txt,Gradation Analyses and Permeability Tests for Glacier Way dam project,Civil and Environmental Engineering,Final Year Undergraduate,CEE,G0,M,NS,ResearchPaper,"Methodology section, Discussion of results section, Tables, graphs or figures"
CEE.G1.02.1,/data/academic/CEE.G1.02.1.txt,Necking and Localization in Plane Stress / Strain,Civil and Environmental Engineering,First Year Graduate,CEE,G1,M,NNS,ResearchPaper,"Methodology section, Discussion of results section, Tables, graphs or figures, Reference to sources"
CEE.G1.03.1,/data/academic/CEE.G1.03.1.txt,Dundee Wastewater Treatment Plant: a Brief Examination,Civil and Environmental Engineering,First Year Graduate,CEE,G1,F,NS,Report,"Discussion of results section, Tables, graphs or figures, Reference to sources"
CEE.G1.04.1,/data/academic/CEE.G1.04.1.txt,Use of Reinforced Concrete Shear Walls in Steel Framed Buildings,Civil and Environmental Engineering,First Year Graduate,CEE,G1,M,NS,Report,"Methodology section, Tables, graphs or figures, Reference to sources"
CEE.G1.09.1,/data/academic/CEE.G1.09.1.txt,Durability of Reinforced Concrete ,Civil and Environmental Engineering,First Year Graduate,CEE,G1,M,NS,Report,
CEE.G2.01.1,/data/academic/CEE.G2.01.1.txt,Sustainability of the Internal Combustion Engine,Civil and Environmental Engineering,Second Year Graduate,CEE,G2,M,NS,Report,"Abstract, Tables, graphs or figures, Reference to sources"
CEE.G3.01.1,/data/academic/CEE.G3.01.1.txt,A Study on an Interaction of Copper-Binding Compounds Between Methanotrophs,Civil and Environmental Engineering,Third Year Graduate,CEE,G3,M,NNS,ResearchPaper,"Methodology section, Discussion of results section, Reference to sources"
CEE.G3.02.1,/data/academic/CEE.G3.02.1.txt,Project: Computation of Deformation,Civil and Environmental Engineering,Third Year Graduate,CEE,G3,M,NNS,ResearchPaper,"Tables, graphs or figures"
CEE.G3.03.1,/data/academic/CEE.G3.03.1.txt,Contaminant Transport in Constructed Wetlands for Urban Stormwater Management,Civil and Environmental Engineering,Third Year Graduate,CEE,G3,F,NS,ResearchPaper,"Definitions, Abstract, Tables, graphs or figures, Reference to sources"
CLS.G0.02.1,/data/academic/CLS.G0.02.1.txt,Augustine Anatomized ,Classical Studies,Final Year Undergraduate,CLS,G0,F,NS,Essay,Reference to sources
CLS.G0.03.1,/data/academic/CLS.G0.03.1.txt,Regarding the Public Image of the Emperor Augustus,Classical Studies,Final Year Undergraduate,CLS,G0,M,NS,Report,
CLS.G0.04.1,/data/academic/CLS.G0.04.1.txt,Circe's portrayal as a witch in the Odyssey ,Classical Studies,Final Year Undergraduate,CLS,G0,F,NS,ResponsePaper,
CLS.G0.05.1,/data/academic/CLS.G0.05.1.txt,The Importance of Germanicus to the Roman Empire,Classical Studies,Final Year Undergraduate,CLS,G0,F,NS,Report,
CLS.G0.06.1,/data/academic/CLS.G0.06.1.txt,Analysis of the Parthenon Frieze,Classical Studies,Final Year Undergraduate,CLS,G0,F,NS,Essay,
CLS.G1.01.1,/data/academic/CLS.G1.01.1.txt,Plato and Hellenistic Poetics:  A Study of Narratological Framing,Classical Studies,First Year Graduate,CLS,G1,M,NS,Essay,Reference to sources
CLS.G1.02.1,/data/academic/CLS.G1.02.1.txt,"Academic Ambitions: Cicero, the Persona of the Philosopher, and Roman Elite Status",Classical Studies,First Year Graduate,CLS,G1,M,NS,Report,Reference to sources
CLS.G1.04.1,/data/academic/CLS.G1.04.1.txt,The Bellum Hispaniense as a Face of Battle Narrative,Classical Studies,First Year Graduate,CLS,G1,M,NS,Essay,Reference to sources
CLS.G2.01.1,/data/academic/CLS.G2.01.1.txt,The Nightmare of Arcady,Classical Studies,Second Year Graduate,CLS,G2,M,NS,Essay,Reference to sources
CLS.G2.02.1,/data/academic/CLS.G2.02.1.txt,Platonic Thought in Book I of Livy's Ab Urbe Condita,Classical Studies,Second Year Graduate,CLS,G2,M,NS,Essay,Reference to sources
ECO.G0.02.1,/data/academic/ECO.G0.02.1.txt,Analysis of the Microsoft Case,Economics,Final Year Undergraduate,ECO,G0,F,NS,Report,
ECO.G0.07.1,/data/academic/ECO.G0.07.1.txt,U.S. Health Insurance,Economics,Final Year Undergraduate,ECO,G0,F,NS,Report,Reference to sources
ECO.G0.08.1,/data/academic/ECO.G0.08.1.txt,Transportation Costs and the Non-Agricultural Sector in 19th Century Brazil,Economics,Final Year Undergraduate,ECO,G0,M,NS,ResearchPaper,"Literature review section, Discussion of results section, Tables, graphs or figures, Reference to sources"
ECO.G1.03.1,/data/academic/ECO.G1.03.1.txt,What Drives the Relationship between Education and Fertility?,Economics,First Year Graduate,ECO,G1,F,NNS,ResearchPaper,"Abstract, Tables, graphs or figures, Discussion of results section, Methodology section, Problem-solution pattern, Literature review section, Reference to sources"
ECO.G2.02.1,/data/academic/ECO.G2.02.1.txt,Evasion Technologies and Optimal Audits,Economics,Second Year Graduate,ECO,G2,M,NS,Report,"Definitions, Tables, graphs or figures, Methodology section, Literature review section, Reference to sources"
ECO.G2.03.1,/data/academic/ECO.G2.03.1.txt,Debt and Labor Supply,Economics,Second Year Graduate,ECO,G2,M,NS,Report,Reference to sources
ECO.G2.04.1,/data/academic/ECO.G2.04.1.txt,Asymmetric Stock Price Response to Firms' Earnings Announcements,Economics,Second Year Graduate,ECO,G2,M,NNS,ResearchPaper,"Abstract, Tables, graphs or figures, Methodology section, Definitions, Discussion of results section, Literature review section, Reference to sources"
ECO.G2.05.1,/data/academic/ECO.G2.05.1.txt,"Outsourcing Clerical Jobs, an Exploratory Analysis",Economics,Second Year Graduate,ECO,G2,F,NS,ResearchPaper,"Problem-solution pattern, Tables, graphs or figures, Reference to sources"
ECO.G2.07.1,/data/academic/ECO.G2.07.1.txt,Shotgun marriages in the US,Economics,Second Year Graduate,ECO,G2,F,NS,Proposal,
ECO.G2.08.1,/data/academic/ECO.G2.08.1.txt,Referee Report for a Job Market Paper in International Finance,Economics,Second Year Graduate,ECO,G2,M,NNS,ResearchPaper,
EDU.G0.02.1,/data/academic/EDU.G0.02.1.txt,Lesson plan evaluation,Education,Final Year Undergraduate,EDU,G0,F,NS,ResponsePaper,
EDU.G0.05.1,/data/academic/EDU.G0.05.1.txt,5th Grade Science Lesson,Education,Final Year Undergraduate,EDU,G0,F,NS,Report,
EDU.G0.13.1,/data/academic/EDU.G0.13.1.txt,Teaching in the Field Reflection,Education,Final Year Undergraduate,EDU,G0,F,NS,Report,"Tables, graphs or figures"
EDU.G0.14.1,/data/academic/EDU.G0.14.1.txt,Math methods final reflection,Education,Final Year Undergraduate,EDU,G0,F,NS,ResponsePaper,
EDU.G0.15.1,/data/academic/EDU.G0.15.1.txt,Classroom study: Latin,Education,Final Year Undergraduate,EDU,G0,F,NNS,Report,Reference to sources
EDU.G1.01.1,/data/academic/EDU.G1.01.1.txt,"Perspective on Textual Production, Student Collaboration, and Social Networking Sites",Education,First Year Graduate,EDU,G1,M,NS,Proposal,"Methodology section, Problem-solution pattern, Literature review section, Reference to sources"
EDU.G1.07.1,/data/academic/EDU.G1.07.1.txt,"Proficiency, Differentiation, and Universal Education",Education,First Year Graduate,EDU,G1,M,NS,Critique,Reference to sources
EDU.G1.12.1,/data/academic/EDU.G1.12.1.txt,Professional Development for Child Care Providers,Education,First Year Graduate,EDU,G1,F,NS,Report,"Methodology section, Discussion of results section, Literature review section, Reference to sources"
EDU.G3.01.1,/data/academic/EDU.G3.01.1.txt,Schools and the development of national identity in young children: A justification for comparison,Education,Third Year Graduate,EDU,G3,F,NS,Proposal,"Definitions, Tables, graphs or figures, Reference to sources"
EDU.G3.04.1,/data/academic/EDU.G3.04.1.txt,Growing Trend of Part-time Faculty at Community Colleges,Education,Third Year Graduate,EDU,G3,F,NS,Report,"Definitions, Tables, graphs or figures, Literature review section, Reference to sources"
ENG.G0.16.1,/data/academic/ENG.G0.16.1.txt,Humans and Animals in the Book of Genesis,English,Final Year Undergraduate,ENG,G0,M,NS,Report,"Definitions, Reference to sources"
ENG.G0.21.1,/data/academic/ENG.G0.21.1.txt,Elevated Language in Beowulf,English,Final Year Undergraduate,ENG,G0,M,NS,Essay,
ENG.G0.24.1,/data/academic/ENG.G0.24.1.txt,Contradiction and Religious Critique: The Pardoner in The Canterbury Tales,English,Final Year Undergraduate,ENG,G0,F,NS,Essay,Reference to sources
ENG.G0.38.1,/data/academic/ENG.G0.38.1.txt,Roman Polanski's Macbeth,English,Final Year Undergraduate,ENG,G0,F,NS,ResponsePaper,
ENG.G0.50.1,/data/academic/ENG.G0.50.1.txt,Rosamond Vincy and the Real Sphere,English,Final Year Undergraduate,ENG,G0,F,NS,Report,Reference to sources
ENG.G0.55.1,/data/academic/ENG.G0.55.1.txt,Self Destruction in Kindred,English,Final Year Undergraduate,ENG,G0,F,NS,Essay,Reference to sources
ENG.G0.58.1,/data/academic/ENG.G0.58.1.txt,My Reading of Chaucer,English,Third Year Graduate,ENG,G0,M,NNS,Essay,"Literature review section, Reference to sources"
ENG.G2.01.1,/data/academic/ENG.G2.01.1.txt,Messianic Masochism in H. Rider Haggard,English,Second Year Graduate,ENG,G2,M,NS,Essay,
ENG.G2.02.1,/data/academic/ENG.G2.02.1.txt,Dramatic Adaptations: Jewish Identity and Narrative Form in The Island Within,English,Second Year Graduate,ENG,G2,M,NS,Essay,
ENG.G2.04.1,/data/academic/ENG.G2.04.1.txt,Augusta Webster Paper,English,Second Year Graduate,ENG,G2,F,NS,Essay,Reference to sources
HIS.G0.02.1,/data/academic/HIS.G0.02.1.txt,Early 20th century Britain,History,Final Year Undergraduate,HIS,G0,F,NS,Report,Reference to sources
HIS.G0.03.1,/data/academic/HIS.G0.03.1.txt,Smith and Malthus,History,Final Year Undergraduate,HIS,G0,M,NS,Essay,Reference to sources
HIS.G1.01.1,/data/academic/HIS.G1.01.1.txt,New Social History,History,First Year Graduate,HIS,G1,F,NS,Essay,
HIS.G1.02.1,/data/academic/HIS.G1.02.1.txt,Joan Scott's 'Gender' in 2007,History,First Year Graduate,HIS,G1,F,NS,Report,
HIS.G1.04.1,/data/academic/HIS.G1.04.1.txt,Outsourcing History: On the Necessity of Stepping Out of the Archive,History,First Year Graduate,HIS,G1,F,NNS,Essay,Reference to sources
HIS.G1.05.1,/data/academic/HIS.G1.05.1.txt,Trickster Travels Review,History,First Year Graduate,HIS,G1,F,NS,Report,Reference to sources
HIS.G1.06.1,/data/academic/HIS.G1.06.1.txt,Review of Jon T. Coleman's Vicious,History,First Year Graduate,HIS,G1,F,NS,Report,
HIS.G1.07.1,/data/academic/HIS.G1.07.1.txt,Marxist Historical Analysis,History,First Year Graduate,HIS,G1,M,NS,Report,Reference to sources
HIS.G2.04.1,/data/academic/HIS.G2.04.1.txt,Chechen War Imaginary,History,Second Year Graduate,HIS,G2,M,NS,Essay,"Definitions, Reference to sources"
HIS.G3.02.1,/data/academic/HIS.G3.02.1.txt,Technology in the Indian Ocean,History,Third Year Graduate,HIS,G3,F,NS,Report,"Tables, graphs or figures, Reference to sources"
IOE.G0.06.1,/data/academic/IOE.G0.06.1.txt,External Analysis of the National Society of Black Engineers,Industrial and Operational Engineering,Final Year Undergraduate,IOE,G0,M,NS,Report,"Tables, graphs or figures"
IOE.G0.07.1,/data/academic/IOE.G0.07.1.txt,Honda Facility Location Analysis,Industrial and Operational Engineering,Final Year Undergraduate,IOE,G0,M,NS,Report,"Discussion of results section, Tables, graphs or figures, Reference to sources"
IOE.G0.08.1,/data/academic/IOE.G0.08.1.txt,E-Dining Expansion Project Proposal,Industrial and Operational Engineering,Final Year Undergraduate,IOE,G0,M,NS,Proposal,Problem-solution pattern
IOE.G0.09.1,/data/academic/IOE.G0.09.1.txt,Final Report of E-Dining's New Shipping/Packing Process and Retail Store Layout,Industrial and Operational Engineering,Final Year Undergraduate,IOE,G0,M,NS,Critique,"Tables, graphs or figures"
IOE.G1.01.1,/data/academic/IOE.G1.01.1.txt,Work Methods Analysis for Bagel Preparation ,Industrial and Operational Engineering,First Year Graduate,IOE,G1,M,NS,ResearchPaper,"Tables, graphs or figures, Methodology section, Problem-solution pattern, Discussion of results section"
IOE.G1.02.1,/data/academic/IOE.G1.02.1.txt,Society of Automotive Engineers (SAE) Annual Congress Review,Industrial and Operational Engineering,First Year Graduate,IOE,G1,F,NNS,ResponsePaper,
IOE.G1.03.1,/data/academic/IOE.G1.03.1.txt,Changing the Game: Representing Innovation Through Football,Industrial and Operational Engineering,First Year Graduate,IOE,G1,M,NS,Report,Reference to sources
IOE.G1.05.1,/data/academic/IOE.G1.05.1.txt,Complexity Theory: Simplifying Life for Organizational Theorists,Industrial and Operational Engineering,First Year Graduate,IOE,G1,M,NNS,Report,"Definitions, Tables, graphs or figures, Reference to sources"
IOE.G1.06.1,/data/academic/IOE.G1.06.1.txt,Organizations as Brains: An Information Processing View - An Analysis of the Challenger Disaster,Industrial and Operational Engineering,First Year Graduate,IOE,G1,F,NNS,Report,Reference to sources
IOE.G3.01.1,/data/academic/IOE.G3.01.1.txt,Water Utility Efficiency Assessment Using a Data Envelopment Analysis ,Industrial and Operational Engineering,Third Year Graduate,IOE,G3,M,NS,ResearchPaper,"Abstract, Tables, graphs or figures, Discussion of results section, Methodology section, Problem-solution pattern, Reference to sources"
LIN.G0.02.1,/data/academic/LIN.G0.02.1.txt,Individual Colonies: Dialect Acquisition in Immigrants ,Linguistics,Final Year Undergraduate,LIN,G0,F,NS,Essay,Reference to sources
LIN.G0.06.1,/data/academic/LIN.G0.06.1.txt,Distinctive Features of Indo-Pakistani English,Linguistics,Final Year Undergraduate,LIN,G0,M,NS,Report,Reference to sources
LIN.G0.08.1,/data/academic/LIN.G0.08.1.txt,Nicaraguan Sign Language: The Role of Adult Input in the Formation and Development of a Unique Creole,Linguistics,Final Year Undergraduate,LIN,G0,F,NS,ResearchPaper,"Abstract, Discussion of results section, Literature review section, Reference to sources"
LIN.G0.10.1,/data/academic/LIN.G0.10.1.txt,Assignment 2: ESL Lesson Plan,Linguistics,Final Year Undergraduate,LIN,G0,F,NS,Proposal,
LIN.G0.11.1,/data/academic/LIN.G0.11.1.txt,Review of Muniz: Ebonics And Tex-Mex - English By Any Other Name,Linguistics,Final Year Undergraduate,LIN,G0,F,NS,Critique,
LIN.G0.12.1,/data/academic/LIN.G0.12.1.txt,National Identity and Language Education Policy,Linguistics,Final Year Undergraduate,LIN,G0,F,NS,Essay,Reference to sources
LIN.G0.13.1,/data/academic/LIN.G0.13.1.txt,Narrative Initiation in Personal Versus Co-Constructed Narratives,Linguistics,Final Year Undergraduate,LIN,G0,F,NS,Report,"Literature review section, Reference to sources"
LIN.G1.01.1,/data/academic/LIN.G1.01.1.txt,Recognizing Textual Entailment With a Modified BLEU Algorithm,Linguistics,First Year Graduate,LIN,G1,M,NS,ResearchPaper,"Abstract, Tables, graphs or figures, Discussion of results section, Methodology section, Definitions, Problem-solution pattern, Reference to sources"
LIN.G1.06.1,/data/academic/LIN.G1.06.1.txt,German Fricatives,Linguistics,First Year Graduate,LIN,G1,F,NS,ResearchPaper,"Methodology section, Discussion of results section, Tables, graphs or figures"
LIN.G3.02.1,/data/academic/LIN.G3.02.1.txt,A Multi-lingual Segmenter by Using Viterbi Algorithm,Linguistics,Third Year Graduate,LIN,G3,F,NNS,ResearchPaper,"Abstract, Discussion of results section, Methodology section, Problem-solution pattern, Literature review section, Reference to sources"
MEC.G0.04.1,/data/academic/MEC.G0.04.1.txt,Thermoelectric Waste Heat Recovery for a Toyota Prius,Mechanical Engineering,Final Year Undergraduate,MEC,G0,F,NS,ResearchPaper,"Abstract, Tables, graphs or figures, Discussion of results section, Methodology section, Definitions, Problem-solution pattern, Reference to sources"
MEC.G0.05.1,/data/academic/MEC.G0.05.1.txt,Design Modifications to Reduce Vibration on Electric Vehicle Drive Shaft,Mechanical Engineering,Final Year Undergraduate,MEC,G0,M,NS,ResearchPaper,"Tables, graphs or figures, Problem-solution pattern, Discussion of results section, Reference to sources"
MEC.G0.06.1,/data/academic/MEC.G0.06.1.txt,Safety Shield Test Fixture,Mechanical Engineering,Final Year Undergraduate,MEC,G0,M,NS,Report,"Abstract, Methodology section, Discussion of results section, Tables, graphs or figures, Reference to sources"
MEC.G0.07.1,/data/academic/MEC.G0.07.1.txt,Human Fall Monitoring Using MEMS Accelerometers,Mechanical Engineering,Final Year Undergraduate,MEC,G0,M,NS,ResearchPaper,"Abstract, Tables, graphs or figures, Discussion of results section, Methodology section, Problem-solution pattern, Reference to sources"
MEC.G0.08.1,/data/academic/MEC.G0.08.1.txt,Fall-related hip fractures and injury avoidance maneuvers,Mechanical Engineering,Final Year Undergraduate,MEC,G0,M,NS,ResearchPaper,"Abstract, Tables, graphs or figures, Methodology section, Discussion of results section, Literature review section, Reference to sources"
MEC.G0.12.1,/data/academic/MEC.G0.12.1.txt,Attitude Control Report,Mechanical Engineering,Final Year Undergraduate,MEC,G0,F,NS,Report,"Tables, graphs or figures"
MEC.G1.02.1,/data/academic/MEC.G1.02.1.txt,Autobody structure mini project,Mechanical Engineering,First Year Graduate,MEC,G1,M,NNS,Proposal,"Tables, graphs or figures, Problem-solution pattern, Discussion of results section"
MEC.G1.05.1,/data/academic/MEC.G1.05.1.txt,Turbulence in internal combustion engines,Mechanical Engineering,First Year Graduate,MEC,G1,F,NNS,ResearchPaper,"Abstract, Tables, graphs or figures, Discussion of results section, Methodology section, Problem-solution pattern, Reference to sources"
MEC.G2.04.1,/data/academic/MEC.G2.04.1.txt,Provably Stable Walking Gaits for a 3-link Robot with Point Feet,Mechanical Engineering,Second Year Graduate,MEC,G2,M,NS,ResearchPaper,"Tables, graphs or figures, Reference to sources"
MEC.G3.02.1,/data/academic/MEC.G3.02.1.txt,A Pressure Dependent Plasticity Model of Nitinol,Mechanical Engineering,Third Year Graduate,MEC,G3,M,NS,Report,"Tables, graphs or figures, Methodology section, Problem-solution pattern, Discussion of results section, Reference to sources"
NRE.G0.03.1,/data/academic/NRE.G0.03.1.txt,Economics: One of the Many Components of Sustainability,Natural Resources,Final Year Undergraduate,NRE,G0,M,NS,Essay,
NRE.G0.06.1,/data/academic/NRE.G0.06.1.txt,Environmental Justice Movement in SE Asia &amp; The US,Natural Resources,Final Year Undergraduate,NRE,G0,M,NS,Report,"Abstract, Reference to sources"
NRE.G0.08.1,/data/academic/NRE.G0.08.1.txt,Urban Planning Memo,Natural Resources,Final Year Undergraduate,NRE,G0,F,NNS,Report,"Tables, graphs or figures"
NRE.G0.09.1,/data/academic/NRE.G0.09.1.txt,Bear Valley Structural Analysis,Natural Resources,Final Year Undergraduate,NRE,G0,F,NS,Report,"Abstract, Methodology section, Tables, graphs or figures"
NRE.G1.18.1,/data/academic/NRE.G1.18.1.txt,Sewage Treatment and the Need for Regulation,Natural Resources,First Year Graduate,NRE,G1,M,NS,ResearchPaper,"Abstract, Methodology section, Discussion of results section, Tables, graphs or figures"
NRE.G1.26.1,/data/academic/NRE.G1.26.1.txt,Issue Network,Natural Resources,First Year Graduate,NRE,G1,F,NS,Report,"Definitions, Tables, graphs or figures, Reference to sources"
NRE.G2.05.1,/data/academic/NRE.G2.05.1.txt,From Sabotage to Sandwiches - The Transformation of Conflict in the Clackamas River Watershed,Natural Resources,Second Year Graduate,NRE,G2,M,NS,Report,Reference to sources
NRE.G2.07.1,/data/academic/NRE.G2.07.1.txt,Impact on atmospheric carbon dioxide levels: Sequestration vs. reduced emissions,Natural Resources,Second Year Graduate,NRE,G2,F,NS,ResearchPaper,"Abstract, Methodology section, Discussion of results section, Tables, graphs or figures, Reference to sources"
NRE.G2.08.1,/data/academic/NRE.G2.08.1.txt,Environmental improvement example,Natural Resources,Second Year Graduate,NRE,G2,F,NNS,Report,Reference to sources
NRE.G3.02.1,/data/academic/NRE.G3.02.1.txt,Policy Decision Memo,Natural Resources,Third Year Graduate,NRE,G3,F,NS,Essay,Reference to sources
NUR.G0.01.1,/data/academic/NUR.G0.01.1.txt,Case Study Analysis of Emergency Contraception Can Reveal Characteristics of Society as a Whole,Nursing,Final Year Undergraduate,NUR,G0,F,NS,Essay,Reference to sources
NUR.G0.11.1,/data/academic/NUR.G0.11.1.txt,Postpartum Exercise and Activity,Nursing,Final Year Undergraduate,NUR,G0,F,NS,Report,"Literature review section, Reference to sources"
NUR.G0.13.1,/data/academic/NUR.G0.13.1.txt,HIV education intervention,Nursing,Final Year Undergraduate,NUR,G0,F,NS,ResearchPaper,"Abstract, Methodology section, Discussion of results section, Tables, graphs or figures, Reference to sources"
NUR.G0.15.1,/data/academic/NUR.G0.15.1.txt,Circumcision: Challenging a Social Norm,Nursing,Final Year Undergraduate,NUR,G0,F,NS,Essay,"Problem-solution pattern, Tables, graphs or figures, Reference to sources"
NUR.G1.04.1,/data/academic/NUR.G1.04.1.txt,Practice Paradigm in Nursing,Nursing,First Year Graduate,NUR,G1,F,NNS,Report,Reference to sources
NUR.G1.06.1,/data/academic/NUR.G1.06.1.txt,Top Ten U.S. Health Problems,Nursing,First Year Graduate,NUR,G1,F,NS,Report,Reference to sources
NUR.G2.01.1,/data/academic/NUR.G2.01.1.txt,The 10 most effective life strategies,Nursing,Second Year Graduate,NUR,G2,F,NS,Report,"Problem-solution pattern, Reference to sources"
NUR.G3.03.1,/data/academic/NUR.G3.03.1.txt,Family Caregivers of Recurrent Breast Cancer Patients: Factors Affecting Perceived Burden,Nursing,Third Year Graduate,NUR,G3,F,NS,Report,"Tables, graphs or figures, Literature review section, Reference to sources"
NUR.G3.05.1,/data/academic/NUR.G3.05.1.txt,KASE-AQ Pediatric,Nursing,Third Year Graduate,NUR,G3,F,NS,ResearchPaper,"Abstract, Tables, graphs or figures, Methodology section, Discussion of results section, Literature review section, Reference to sources"
NUR.G3.06.1,/data/academic/NUR.G3.06.1.txt,Research protocol for dissertation research,Nursing,Third Year Graduate,NUR,G3,F,NNS,Proposal,"Methodology section, Tables, graphs or figures, Discussion of results section"
PHI.G0.03.1,/data/academic/PHI.G0.03.1.txt,Grice's Analysis of Metaphor and Irony,Philosophy,Final Year Undergraduate,PHI,G0,F,NS,Report,"Definitions, Reference to sources"
PHI.G0.05.1,/data/academic/PHI.G0.05.1.txt,The Pits and Folds of Religious Tolerance,Philosophy,Final Year Undergraduate,PHI,G0,M,NS,Essay,Reference to sources
PHI.G0.08.1,/data/academic/PHI.G0.08.1.txt,The Cartesian Circle,Philosophy,Final Year Undergraduate,PHI,G0,M,NS,Report,Reference to sources
PHI.G0.10.1,/data/academic/PHI.G0.10.1.txt,Music and Negative Emotion,Philosophy,Final Year Undergraduate,PHI,G0,F,NS,Critique,
PHI.G0.11.1,/data/academic/PHI.G0.11.1.txt,Final Cause and Necessity in Nature,Philosophy,Final Year Undergraduate,PHI,G0,M,NS,Report,Reference to sources
PHI.G0.13.1,/data/academic/PHI.G0.13.1.txt,"The Chinese Room, and What it Takes to Build a Mind",Philosophy,Final Year Undergraduate,PHI,G0,M,NS,Critique,Reference to sources
PHI.G0.14.1,/data/academic/PHI.G0.14.1.txt,Early Fetuses and Constitutional Rights,Philosophy,Final Year Undergraduate,PHI,G0,F,NS,Essay,Reference to sources
PHI.G0.16.1,/data/academic/PHI.G0.16.1.txt,Basic Frameworks of Moral Justification and Hierarchy of Human Needs,Philosophy,Final Year Undergraduate,PHI,G0,F,NNS,Essay,Reference to sources
PHI.G2.01.1,/data/academic/PHI.G2.01.1.txt,On Hempel's Account of Scientific Explanations,Philosophy,Second Year Graduate,PHI,G2,F,NS,Essay,Reference to sources
PHI.G2.02.1,/data/academic/PHI.G2.02.1.txt,Can We Say the Luminiferous Aether Isn't Real?,Philosophy,Second Year Graduate,PHI,G2,M,NS,Essay,"Problem-solution pattern, Reference to sources"
PHY.G0.03.1,/data/academic/PHY.G0.03.1.txt,Determination of the Charge-to-Mass Ratio of the Electron ,Physics,Final Year Undergraduate,PHY,G0,F,NS,ResearchPaper,"Discussion of results section, Tables, graphs or figures"
PHY.G1.02.1,/data/academic/PHY.G1.02.1.txt,Optical Lattices: A Study of Bose-Hubbard Model,Physics,First Year Graduate,PHY,G1,F,NNS,Report,"Discussion of results section, Reference to sources"
PHY.G2.01.1,/data/academic/PHY.G2.01.1.txt,The Weaponization of Space,Physics,Second Year Graduate,PHY,G2,M,NS,Report,Reference to sources
PHY.G2.03.1,/data/academic/PHY.G2.03.1.txt,Fast Quantum Gates with Trapped Ions,Physics,Second Year Graduate,PHY,G2,M,NS,Report,"Abstract, Tables, graphs or figures, Discussion of results section, Reference to sources"
PHY.G2.04.1,/data/academic/PHY.G2.04.1.txt,Tripod-STIRAP,Physics,Second Year Graduate,PHY,G2,F,NS,Report,"Tables, graphs or figures, Reference to sources"
PHY.G2.05.1,/data/academic/PHY.G2.05.1.txt,Opinion Dynamics in a Voter Model,Physics,Second Year Graduate,PHY,G2,M,NS,ResearchPaper,"Definitions, Methodology section, Discussion of results section, Reference to sources"
PHY.G2.06.1,/data/academic/PHY.G2.06.1.txt,Percolation on the Kleinberg Small-World Networks,Physics,Second Year Graduate,PHY,G2,M,NS,ResearchPaper,"Tables, graphs or figures, Methodology section, Discussion of results section, Literature review section, Reference to sources"
PHY.G2.07.1,/data/academic/PHY.G2.07.1.txt,Interacting network dynamics of neural populations,Physics,Second Year Graduate,PHY,G2,F,NS,Report,"Methodology section, Reference to sources"
PHY.G3.02.1,/data/academic/PHY.G3.02.1.txt,Quantum Information Article Critique,Physics,Third Year Graduate,PHY,G3,M,NS,Report,"Tables, graphs or figures"
PHY.G3.03.1,/data/academic/PHY.G3.03.1.txt,Effective Gauge Fields in Optical Lattices,Physics,Third Year Graduate,PHY,G3,M,NS,Report,"Abstract, Tables, graphs or figures, Literature review section, Reference to sources"
POL.G0.06.1,/data/academic/POL.G0.06.1.txt,Candidate debates in Vermont ??,Political Science,Final Year Undergraduate,POL,G0,M,NS,Report,Reference to sources
POL.G0.11.1,/data/academic/POL.G0.11.1.txt,German Surrender of Autonomy to Fascism,Political Science,Final Year Undergraduate,POL,G0,F,NS,Essay,
POL.G0.14.1,/data/academic/POL.G0.14.1.txt,Tufte and The Political Business Cycle,Political Science,Final Year Undergraduate,POL,G0,M,NS,Proposal,"Methodology section, Literature review section, Reference to sources"
POL.G0.18.1,/data/academic/POL.G0.18.1.txt,Increases in HIV/AIDS Education and Prevention in China,Political Science,Final Year Undergraduate,POL,G0,F,NS,Report,Reference to sources
POL.G0.29.1,/data/academic/POL.G0.29.1.txt,Seeking Hope at Home,Political Science,Final Year Undergraduate,POL,G0,M,NS,Report,Reference to sources
POL.G0.32.1,/data/academic/POL.G0.32.1.txt,The Countermjoritarian Myth,Political Science,Final Year Undergraduate,POL,G0,M,NS,Essay,Reference to sources
POL.G0.34.1,/data/academic/POL.G0.34.1.txt,The Jewish Republican,Political Science,Final Year Undergraduate,POL,G0,M,NS,Report,"Methodology section, Reference to sources"
POL.G0.36.1,/data/academic/POL.G0.36.1.txt,Disability Rights,Political Science,Final Year Undergraduate,POL,G0,M,NS,Report,
POL.G0.47.1,/data/academic/POL.G0.47.1.txt,Political Ad Analysis ,Political Science,Final Year Undergraduate,POL,G0,M,NNS,Critique,
POL.G1.02.1,/data/academic/POL.G1.02.1.txt,The Divergent Trajectories of Political Islam in Turkey and Indonesia,Political Science,First Year Graduate,POL,G1,F,NS,Report,Reference to sources
PSY.G0.09.1,/data/academic/PSY.G0.09.1.txt,Perceptual Fluency Effects on Status-quo Response Styles,Psychology,Final Year Undergraduate,PSY,G0,M,NS,Report,"Methodology section, Discussion of results section, Tables, graphs or figures, Reference to sources"
PSY.G0.21.1,/data/academic/PSY.G0.21.1.txt,Fear Conditioning Lab,Psychology,Final Year Undergraduate,PSY,G0,M,NNS,ResearchPaper,"Methodology section, Discussion of results section, Tables, graphs or figures, Reference to sources"
PSY.G0.35.1,/data/academic/PSY.G0.35.1.txt,Forrest Gump and Child Development,Psychology,Final Year Undergraduate,PSY,G0,F,NS,Report,Reference to sources
PSY.G0.38.1,/data/academic/PSY.G0.38.1.txt,Sexual Education in Adolescence,Psychology,Final Year Undergraduate,PSY,G0,F,NS,Report,"Literature review section, Reference to sources"
PSY.G1.01.1,/data/academic/PSY.G1.01.1.txt,Complexity Theory and Psychological Inquiry,Psychology,First Year Graduate,PSY,G1,M,NS,Report,Reference to sources
PSY.G1.12.1,/data/academic/PSY.G1.12.1.txt,Changes in social functioning during the transition to retirement communities,Psychology,First Year Graduate,PSY,G1,F,NS,Report,Reference to sources
PSY.G1.13.1,/data/academic/PSY.G1.13.1.txt,Risk and Protective Factors for Youth Violence Exposure,Psychology,First Year Graduate,PSY,G1,F,NS,Report,"Literature review section, Reference to sources"
PSY.G2.09.1,/data/academic/PSY.G2.09.1.txt,Implicit Racism: Cognitive Origins and Potential Interventions,Psychology,Second Year Graduate,PSY,G2,M,NS,Report,Reference to sources
PSY.G2.10.1,/data/academic/PSY.G2.10.1.txt,Can projective assessment instruments be helpful with the five common reasons for psychological testing?,Psychology,Second Year Graduate,PSY,G2,F,NNS,Essay,Reference to sources
PSY.G3.03.1,/data/academic/PSY.G3.03.1.txt,"Culture, Mental Disorders, and Evolutionary Analyses",Psychology,Third Year Graduate,PSY,G3,F,NS,Essay,"Definitions, Problem-solution pattern, Literature review section, Reference to sources"
SOC.G0.01.1,/data/academic/SOC.G0.01.1.txt,Ideology and the Transition to Democracy,Sociology,Final Year Undergraduate,SOC,G0,F,NS,Essay,
SOC.G0.02.1,/data/academic/SOC.G0.02.1.txt,The Nature of Poverty,Sociology,Final Year Undergraduate,SOC,G0,F,NS,Critique,
SOC.G0.07.1,/data/academic/SOC.G0.07.1.txt,Restrictive Covenants and their Role in the Rise of Residential Segregation in the US in the First Half of the 19th Century,Sociology,Final Year Undergraduate,SOC,G0,F,NS,Report,"Abstract, Reference to sources"
SOC.G0.13.1,/data/academic/SOC.G0.13.1.txt,Thoughts on the 40 Year Old Virgin,Sociology,Final Year Undergraduate,SOC,G0,F,NS,Report,Reference to sources
SOC.G1.01.1,/data/academic/SOC.G1.01.1.txt,The Self and Other in Society,Sociology,First Year Graduate,SOC,G1,F,NS,Essay,"Definitions, Reference to sources"
SOC.G1.08.1,/data/academic/SOC.G1.08.1.txt,In what ways do spatial environments affect health?,Sociology,First Year Graduate,SOC,G1,F,NS,ResponsePaper,
SOC.G1.09.1,/data/academic/SOC.G1.09.1.txt,A Proposal: Studying Class in the Classroom,Sociology,First Year Graduate,SOC,G1,F,NS,Proposal,"Methodology section, Reference to sources"
SOC.G2.03.1,/data/academic/SOC.G2.03.1.txt,"Polanyi, Marshall, Somers and utilitarian and liberal theories: Part 1",Sociology,Second Year Graduate,SOC,G2,F,NS,Report,Reference to sources
SOC.G3.07.1,/data/academic/SOC.G3.07.1.txt,Better Late Than Never: Social Stratification and Higher Education Through the Life Course,Sociology,Third Year Graduate,SOC,G3,F,NS,ResearchPaper,"Discussion of results section, Abstract, Tables, graphs or figures, Literature review section, Reference to sources"
SOC.G3.08.1,/data/academic/SOC.G3.08.1.txt,Do Other Femininity: Chinese Women and Professionalization in Engineering,Sociology,Third Year Graduate,SOC,G3,F,NNS,ResearchPaper,"Abstract, Methodology section, Discussion of results section, Literature review section"